{"cameraMode":{"drawMode":0,"name":"Shaded","section":"Shading Mode"},"sceneLighting":true,"audioPlay":false,"sceneViewState":{"showFog":true,"showMaterialUpdate":true,"showSkybox":true,"showFlares":true,"showImageEffects":true,"showParticleSystems":true},"in2DMode":false,"pivot":{"x":6.094927787780762,"y":-4.966403007507324,"z":-6.620894432067871},"rotation":{"x":-0.5448193550109863,"y":0.0584670715034008,"z":-0.03811575472354889,"w":-0.8356438875198364},"size":15.329230308532715,"orthographic":false}